{"stats":{"minecraft:custom":{"minecraft:mob_kills":45,"minecraft:interact_with_crafting_table":53,"minecraft:open_barrel":21,"minecraft:leave_game":5,"minecraft:time_since_death":144671,"minecraft:climb_one_cm":34487,"minecraft:sprint_one_cm":207978,"minecraft:walk_one_cm":565064,"minecraft:damage_blocked_by_shield":1650,"minecraft:drop":61,"minecraft:talked_to_villager":8,"minecraft:play_time":162330,"minecraft:deaths":2,"minecraft:sneak_time":34752,"minecraft:walk_under_water_one_cm":836,"minecraft:jump":2501,"minecraft:walk_on_water_one_cm":10843,"minecraft:total_world_time":162330,"minecraft:interact_with_furnace":28,"minecraft:sleep_in_bed":10,"minecraft:time_since_rest":13809,"minecraft:damage_taken":3384,"minecraft:damage_absorbed":40,"minecraft:damage_dealt":6150,"minecraft:swim_one_cm":1540,"minecraft:fly_one_cm":374028,"minecraft:open_chest":44,"minecraft:crouch_one_cm":111386,"minecraft:fall_one_cm":82497,"minecraft:inspect_dispenser":1},"minecraft:dropped":{"minecraft:enchanted_book":1,"minecraft:iron_ingot":1,"minecraft:oak_log":8,"minecraft:feather":5,"minecraft:lantern":4,"minecraft:jungle_planks":32,"minecraft:copper_ingot":18,"minecraft:coal":6,"snowyspirit:ginger_flower":18,"minecraft:stick":5,"minecraft:emerald":1,"twigs:pebble":4,"minecraft:repeater":2,"minecraft:glistering_melon_slice":3,"minecraft:cactus":3,"minecraft:paper":4,"minecraft:tripwire_hook":1,"twigs:twig":3,"minecraft:redstone":1,"minecraft:gravel":19,"minecraft:stone_axe":1,"minecraft:iron_nugget":4,"minecraft:cocoa_beans":9,"minecraft:raw_iron":13,"minecraft:stone_shovel":2,"minecraft:spider_eye":2,"minecraft:stone_pickaxe":1,"minecraft:red_tulip":1},"minecraft:used":{"minecraft:stone_sword":91,"minecraft:iron_shovel":1050,"minecraft:shield":32,"minecraft:cooked_salmon":2,"minecraft:rotten_flesh":13,"charm:jungle_chest":2,"minecraft:stick":1,"minecraft:torch":112,"minecraft:dirt":539,"minecraft:spyglass":1,"minecraft:carrot":6,"promenade:duck":1,"minecraft:wooden_axe":77,"minecraft:iron_axe":145,"minecraft:iron_helmet":1,"minecraft:oak_sapling":6,"minecraft:furnace":4,"comforts:sleeping_bag_white":3,"minecraft:cooked_beef":1,"minecraft:light_gray_bed":3,"variantcraftingtables:prom_palm_crafting_table":3,"minecraft:dark_oak_sapling":1,"promenade:palm_log":3,"minecraft:stone_pickaxe":237,"minecraft:oak_planks":97,"minecraft:wooden_pickaxe":61,"minecraft:leather_chestplate":1,"minecraft:golden_apple":2,"minecraft:glow_berries":5,"minecraft:sand":18,"minecraft:oak_slab":64,"minecraft:crafting_table":1,"supplementaries:bomb":2,"variantcraftingtables:jungle_crafting_table":12,"promenade:cooked_duck":1,"minecraft:oak_log":1,"minecraft:apple":8,"minecraft:firework_rocket":5,"minecraft:bread":27,"minecraft:chicken":5,"minecraft:melon_slice":26,"minecraft:iron_pickaxe":106,"twigs:twig":1,"minecraft:stone_axe":126,"minecraft:wooden_sword":80,"minecraft:cobblestone":3,"minecraft:bucket":1,"twigs:pebble":1,"minecraft:golden_pickaxe":36},"minecraft:crafted":{"minecraft:wooden_sword":2,"minecraft:oak_planks":312,"minecraft:stone_shovel":2,"comforts:sleeping_bag_white":1,"charm:jungle_chest":2,"minecraft:furnace":4,"minecraft:iron_boots":1,"minecraft:iron_axe":1,"variantcraftingtables:jungle_crafting_table":12,"minecraft:stone_pickaxe":2,"promenade:palm_planks":92,"variantcraftingtables:prom_palm_crafting_table":3,"minecraft:cooked_beef":1,"minecraft:oak_slab":60,"minecraft:crafting_table":1,"minecraft:iron_helmet":1,"minecraft:wooden_pickaxe":1,"promenade:cooked_duck":1,"minecraft:golden_pickaxe":1,"minecraft:bucket":1,"minecraft:stone_axe":1,"minecraft:air":0,"minecraft:jungle_planks":160,"minecraft:iron_chestplate":1,"minecraft:white_wool":3,"minecraft:shield":1,"minecraft:stick":74,"minecraft:iron_ingot":91,"minecraft:iron_pickaxe":1,"minecraft:wooden_axe":2,"minecraft:iron_leggings":1,"minecraft:stone_sword":1,"minecraft:iron_shovel":4,"minecraft:torch":112},"minecraft:picked_up":{"minecraft:cocoa_beans":9,"minecraft:chicken":5,"minecraft:enchanted_book":1,"promenade:blush_sakura_sapling":1,"minecraft:string":44,"minecraft:soul_soil":1,"minecraft:cooked_salmon":2,"minecraft:sticky_piston":1,"minecraft:cracked_stone_bricks":4,"minecraft:tnt_minecart":1,"comforts:sleeping_bag_white":3,"twigs:pebble":9,"minecraft:beef":4,"minecraft:calcite":1,"minecraft:iron_nugget":2,"minecraft:poppy":1,"minecraft:melon_slice":21,"minecraft:dark_oak_sapling":1,"minecraft:stick":4,"minecraft:raw_iron":137,"minecraft:sandstone":35,"minecraft:copper_ingot":18,"minecraft:torch":11,"twigs:bamboo_leaves":5,"minecraft:porkchop":3,"minecraft:carrot":20,"minecraft:redstone":1,"minecraft:light_gray_bed":4,"minecraft:rotten_flesh":13,"mythic_charms:experience_nugget":115,"minecraft:arrow":5,"minecraft:cactus":3,"minecraft:glistering_melon_slice":3,"minecraft:cobblestone":69,"minecraft:leather_chestplate":1,"minecraft:feather":5,"minecraft:repeater":2,"minecraft:tripwire_hook":1,"minecraft:jungle_log":40,"minecraft:leather":2,"variantcraftingtables:prom_palm_crafting_table":1,"minecraft:oak_log":87,"promenade:palm_sapling":2,"minecraft:lantern":9,"minecraft:dirt":1050,"minecraft:bone":4,"promenade:palm_log":26,"minecraft:apple":6,"minecraft:stone_bricks":17,"snowyspirit:ginger_flower":18,"minecraft:wheat_seeds":20,"minecraft:iron_ingot":1,"minecraft:cobweb":2,"minecraft:mossy_stone_bricks":2,"minecraft:glass_bottle":1,"minecraft:bamboo":36,"twigs:twig":7,"minecraft:oak_planks":71,"minecraft:oak_slab":19,"minecraft:polished_andesite_stairs":1,"promenade:duck":2,"minecraft:dandelion":1,"minecraft:gravel":19,"minecraft:jungle_planks":2,"minecraft:sand":33,"minecraft:red_banner":2,"minecraft:spider_eye":2,"minecraft:mossy_cobblestone":3,"minecraft:firework_rocket":2,"minecraft:stone_axe":1,"minecraft:golden_apple":1,"minecraft:emerald":2,"minecraft:oak_sapling":25,"minecraft:coal":155},"minecraft:mined":{"minecraft:pink_bed":1,"minecraft:mossy_cobblestone":3,"minecraft:dark_oak_leaves":1,"universal_ores:calcite_coal_ore":8,"minecraft:stone_button":1,"minecraft:grass_block":953,"minecraft:stone_brick_wall":1,"minecraft:jungle_planks":3,"minecraft:jungle_log":40,"minecraft:light_gray_bed":4,"minecraft:redstone_wire":3,"promenade:blush_sakura_blossom_pile":6,"minecraft:soul_campfire":1,"minecraft:sandstone":14,"snowyspirit:wild_ginger":5,"minecraft:carrots":5,"minecraft:iron_ore":121,"supplementaries:stick":1,"minecraft:cave_vines":1,"minecraft:deepslate_iron_ore":10,"minecraft:vine":16,"minecraft:lantern":4,"minecraft:bamboo":1,"minecraft:stone":61,"minecraft:tripwire":4,"minecraft:piston_head":2,"minecraft:oak_slab":46,"twigs:pebble":5,"variantcraftingtables:prom_palm_crafting_table":1,"minecraft:crafting_table":1,"minecraft:torch":8,"minecraft:calcite":1,"minecraft:emerald_ore":1,"minecraft:poppy":2,"minecraft:melon":3,"minecraft:polished_andesite_stairs":1,"promenade:palm_log":26,"minecraft:tall_grass":6,"minecraft:cobblestone":7,"minecraft:oak_planks":86,"minecraft:wall_torch":2,"universal_ores:calcite_iron_ore":7,"minecraft:red_wall_banner":2,"minecraft:grass":49,"minecraft:oak_log":79,"minecraft:coal_ore":150,"minecraft:sand":4,"minecraft:dirt":98,"minecraft:cobweb":44,"minecraft:cracked_stone_bricks":4,"minecraft:stone_bricks":26,"promenade:asphalt":1,"minecraft:mossy_stone_bricks":3,"minecraft:oak_leaves":1,"minecraft:fern":16},"minecraft:broken":{"minecraft:iron_shovel":4,"minecraft:stone_sword":1,"minecraft:leather_chestplate":1,"minecraft:wooden_pickaxe":1,"minecraft:stone_pickaxe":1,"minecraft:wooden_sword":1,"minecraft:stone_axe":1,"minecraft:golden_pickaxe":1,"minecraft:wooden_axe":1},"minecraft:killed_by":{"naturalist:rattlesnake":1,"minecraft:cave_spider":1},"minecraft:killed":{"promenade:capybara":1,"naturalist:rattlesnake":1,"minecraft:cave_spider":1,"promenade:duck":2,"minecraft:spider":10,"minecraft:skeleton":5,"minecraft:chicken":5,"minecraft:husk":12,"minecraft:salmon":1,"minecraft:zombie":4,"minecraft:cow":2}},"DataVersion":3465}