{"stats":{"minecraft:dropped":{"minecraft:mossy_cobblestone":1,"minecraft:glass_bottle":2,"minecraft:orange_tulip":3,"minecraft:feather":5,"minecraft:lantern":4,"minecraft:apple":1,"minecraft:granite":5,"minecraft:copper_ingot":10,"minecraft:golden_apple":1,"snowyspirit:ginger_flower":24,"minecraft:emerald":2,"twigs:pebble":4,"minecraft:cobweb":3,"minecraft:stone_button":1,"minecraft:torch":1,"minecraft:repeater":2,"minecraft:cooked_salmon":2,"minecraft:sand":19,"minecraft:glistering_melon_slice":6,"minecraft:cactus":3,"minecraft:tripwire_hook":1,"minecraft:bone":1,"minecraft:gravel":19,"minecraft:white_tulip":1,"minecraft:stone_axe":1,"minecraft:sugar_cane":2,"minecraft:iron_nugget":2,"minecraft:stone_sword":1,"minecraft:beetroot":1,"hybrid-aquatic:vampire_crab_claw":1,"minecraft:carrot":1,"minecraft:gunpowder":12,"minecraft:stone_brick_wall":1,"minecraft:oak_sapling":5,"promenade:sakura_trapdoor":1,"minecraft:spider_eye":3,"comforts:sleeping_bag_white":1,"minecraft:sandstone":20,"minecraft:arrow":2,"minecraft:wooden_pickaxe":1,"minecraft:red_tulip":3},"minecraft:custom":{"minecraft:interact_with_smithing_table":1,"minecraft:mob_kills":25,"minecraft:interact_with_crafting_table":30,"minecraft:open_barrel":19,"minecraft:interact_with_campfire":2,"minecraft:leave_game":2,"minecraft:time_since_death":152045,"minecraft:climb_one_cm":30133,"minecraft:sprint_one_cm":285153,"minecraft:walk_one_cm":503645,"minecraft:damage_blocked_by_shield":390,"minecraft:drop":80,"minecraft:talked_to_villager":43,"minecraft:play_time":155336,"minecraft:deaths":1,"minecraft:sneak_time":8875,"minecraft:walk_under_water_one_cm":2302,"minecraft:jump":2098,"minecraft:walk_on_water_one_cm":8646,"minecraft:total_world_time":155336,"minecraft:interact_with_furnace":20,"minecraft:interact_with_cartography_table":1,"minecraft:tune_noteblock":8,"minecraft:interact_with_grindstone":1,"minecraft:sleep_in_bed":10,"minecraft:time_since_rest":13809,"minecraft:damage_taken":2090,"minecraft:damage_dealt":4829,"minecraft:swim_one_cm":2845,"minecraft:fly_one_cm":356448,"minecraft:open_chest":46,"minecraft:crouch_one_cm":22058,"minecraft:fall_one_cm":62507,"minecraft:inspect_dispenser":2},"minecraft:used":{"minecraft:beetroot":5,"minecraft:stone_sword":49,"minecraft:stone_shovel":396,"minecraft:chest":7,"minecraft:shield":7,"minecraft:stone_hoe":20,"charm:jungle_chest":2,"minecraft:torch":40,"minecraft:brewing_stand":1,"minecraft:dirt":189,"minecraft:jungle_planks":264,"minecraft:carrot":11,"minecraft:stone_brick_slab":61,"minecraft:stone_bricks":54,"minecraft:furnace":2,"minecraft:egg":7,"minecraft:potato":26,"variantcraftingtables:prom_palm_crafting_table":2,"promenade:palm_log":1,"minecraft:wheat_seeds":4,"minecraft:damaged_anvil":4,"minecraft:sandstone_stairs":1,"minecraft:stone_pickaxe":208,"minecraft:baked_potato":6,"minecraft:ender_pearl":1,"minecraft:wooden_pickaxe":51,"minecraft:sandstone":1,"minecraft:fletching_table":2,"promenade:sakura_log":12,"minecraft:sand":1,"minecraft:red_bed":7,"minecraft:blast_furnace":1,"minecraft:oxidized_cut_copper_slab":2,"variantcraftingtables:prom_sakura_crafting_table":1,"variantcraftingtables:jungle_crafting_table":2,"minecraft:apple":11,"minecraft:melon_slice":24,"minecraft:bread":10,"minecraft:gravel":27,"minecraft:stone_axe":196,"minecraft:jungle_sign":11,"minecraft:cobblestone":24,"minecraft:potion":1,"minecraft:grindstone":1,"minecraft:smithing_table":1,"minecraft:yellow_bed":1,"promenade:sakura_trapdoor":5,"minecraft:cobweb":5},"minecraft:crafted":{"minecraft:smooth_stone":3,"minecraft:stone_shovel":3,"charm:jungle_chest":2,"minecraft:furnace":2,"minecraft:blast_furnace":1,"variantcraftingtables:prom_sakura_crafting_table":1,"minecraft:stone":64,"minecraft:stone_brick_slab":48,"promenade:sakura_planks":124,"variantcraftingtables:jungle_crafting_table":2,"minecraft:stone_pickaxe":2,"minecraft:chest":7,"promenade:palm_planks":24,"minecraft:stone_hoe":1,"minecraft:stone_bricks":52,"variantcraftingtables:prom_palm_crafting_table":2,"minecraft:wheat":99,"minecraft:baked_potato":35,"minecraft:wooden_pickaxe":1,"minecraft:smithing_table":1,"minecraft:fletching_table":2,"minecraft:stone_axe":3,"minecraft:bread":33,"minecraft:air":0,"minecraft:jungle_planks":272,"minecraft:shield":1,"minecraft:stick":37,"minecraft:iron_ingot":1,"minecraft:stone_sword":1,"promenade:sakura_trapdoor":6,"minecraft:torch":8,"minecraft:jungle_sign":12},"minecraft:picked_up":{"minecraft:wheat":2,"minecraft:splash_potion":1,"minecraft:stone_brick_wall":1,"minecraft:potion":1,"minecraft:brewing_stand":1,"promenade:blush_sakura_sapling":25,"minecraft:string":35,"minecraft:red_bed":8,"minecraft:cooked_salmon":2,"hybrid-aquatic:vampire_crab_claw":1,"promenade:sakura_log":53,"minecraft:cobbled_deepslate":1,"comforts:sleeping_bag_white":1,"twigs:pebble":17,"minecraft:calcite":14,"minecraft:jungle_sapling":3,"minecraft:iron_nugget":2,"minecraft:poppy":5,"minecraft:sugar_cane":2,"minecraft:melon_slice":24,"minecraft:furnace":1,"minecraft:egg":9,"minecraft:raw_iron":13,"minecraft:stick":2,"minecraft:sandstone":21,"minecraft:torch":8,"twigs:bamboo_leaves":47,"minecraft:stone_button":1,"minecraft:redstone":6,"minecraft:cactus":3,"minecraft:arrow":2,"mythic_charms:experience_nugget":20,"minecraft:rotten_flesh":4,"minecraft:hay_block":11,"minecraft:sandstone_stairs":1,"minecraft:glistering_melon_slice":3,"minecraft:cobblestone":122,"minecraft:feather":5,"minecraft:repeater":2,"minecraft:tripwire_hook":1,"minecraft:jungle_log":37,"minecraft:salmon":2,"minecraft:smoker":1,"minecraft:potato":54,"promenade:cotton_sakura_sapling":3,"minecraft:flint":6,"minecraft:oak_log":10,"minecraft:yellow_bed":1,"minecraft:lantern":4,"minecraft:dirt":343,"minecraft:bone":6,"promenade:palm_log":7,"minecraft:apple":2,"minecraft:stone_bricks":26,"snowyspirit:ginger_flower":24,"minecraft:wheat_seeds":10,"minecraft:grindstone":1,"minecraft:iron_ingot":5,"minecraft:cobweb":8,"minecraft:fletching_table":1,"minecraft:glass_bottle":1,"minecraft:bamboo":224,"twigs:twig":21,"minecraft:stone_brick_slab":13,"minecraft:gravel":48,"minecraft:jungle_planks":46,"minecraft:sand":25,"minecraft:oxidized_cut_copper_slab":3,"minecraft:spider_eye":5,"minecraft:mossy_cobblestone":1,"minecraft:granite":5,"minecraft:emerald":2,"minecraft:oak_sapling":5,"minecraft:damaged_anvil":3,"minecraft:coal":19},"minecraft:mined":{"minecraft:brewing_stand":1,"minecraft:granite":5,"minecraft:grass_block":215,"minecraft:jungle_planks":13,"minecraft:jungle_log":37,"twigs:twig":1,"minecraft:redstone_wire":5,"promenade:blush_sakura_blossom_pile":28,"minecraft:sandstone":22,"minecraft:sandstone_stairs":1,"minecraft:hay_block":11,"minecraft:furnace":1,"minecraft:cobbled_deepslate":1,"minecraft:fletching_table":1,"minecraft:potatoes":16,"minecraft:dirt_path":73,"minecraft:oxidized_cut_copper_slab":2,"minecraft:bamboo":19,"minecraft:stone":120,"minecraft:tripwire":4,"minecraft:podzol":17,"promenade:sakura_log":53,"minecraft:red_bed":8,"minecraft:smoker":1,"minecraft:stone_brick_slab":12,"promenade:blush_sakura_blossoms":2,"minecraft:torch":7,"minecraft:calcite":14,"minecraft:poppy":4,"minecraft:melon":6,"promenade:palm_log":7,"minecraft:cobblestone":1,"minecraft:grindstone":1,"minecraft:sugar_cane":1,"minecraft:damaged_anvil":3,"minecraft:wall_torch":1,"minecraft:cactus":1,"minecraft:wheat":4,"minecraft:jungle_fence":1,"minecraft:grass":12,"minecraft:oak_log":10,"minecraft:coal_ore":11,"minecraft:gravel":43,"minecraft:sand":26,"minecraft:dirt":110,"minecraft:cobweb":13,"minecraft:tripwire_hook":2,"minecraft:stone_bricks":17,"minecraft:mossy_stone_bricks":1},"minecraft:broken":{"minecraft:stone_pickaxe":1,"minecraft:stone_axe":1,"minecraft:stone_shovel":3},"minecraft:killed":{"minecraft:cave_spider":3,"minecraft:spider":7,"minecraft:skeleton":3,"hybrid-aquatic:vampire_crab":1,"minecraft:husk":1,"minecraft:salmon":1,"naturalist:butterfly":1,"minecraft:iron_golem":1,"adventurez:skeleton_vanguard":3,"minecraft:zombie":3}},"DataVersion":3465}